﻿<?xml version="1.0" encoding="UTF-8"?>
<beans 
	xmlns="http://www.springframework.org/schema/beans"
	xmlns:xsi="http://www.w3.org/2001/XMLSchema-instance" 
	xmlns:context="http://www.springframework.org/schema/context"
	xmlns:p="http://www.springframework.org/schema/p" 
	xmlns:tx="http://www.springframework.org/schema/tx"
	xmlns:mvc="http://www.springframework.org/schema/mvc"
	xsi:schemaLocation="http://www.springframework.org/schema/beans 
	   		http://www.springframework.org/schema/beans/spring-beans.xsd
	   		http://www.springframework.org/schema/context
	   		http://www.springframework.org/schema/context/spring-context.xsd
	   		http://www.springframework.org/schema/tx 
			http://www.springframework.org/schema/tx/spring-tx.xsd
			http://www.springframework.org/schema/mvc 
			http://www.springframework.org/schema/mvc/spring-mvc.xsd">
	
	<!-- Spring MVC Annotation -->
	<context:annotation-config />
	<mvc:annotation-driven/>
	
	<mvc:interceptors>
		<mvc:interceptor>
		<mvc:mapping path="/log/logoff.htm"/>
		<mvc:mapping path="/log/doimatkhau.htm"/>
			<mvc:mapping path="/QuanLy/**"/>
			<mvc:mapping path="/Thanhtichkyluat/**"/>
			<bean class="sof302.interceptor.LoginInterceptor"></bean>
		</mvc:interceptor>
	</mvc:interceptors>
	
	<!-- Cấu hình view -->
	<bean id="viewResolver" 
		p:prefix="/WEB-INF/views/" p:suffix=".jsp"
		class="org.springframework.web.servlet.view.InternalResourceViewResolver"/>
   	
   	<!-- Cấu hình package chứa các controller -->
	<context:component-scan base-package="sof302.controller"/>

</beans>